USE pos_system;


INSERT INTO suppliers (supplier_id, supplier_name, supplier_contact, supplier_telephone, supplier_address, supplier_email)
VALUES
  ('SUP-000001', 'ABC Suppliers', '09123456789', '0287654321', '123 Main Street, Cityville', 'abc.suppliers@gmail.com'),
  ('SUP-000002', 'XYZ Distributors', '09234567890', '0321098765', '456 Oak Avenue, Townsville', 'xyz.distributors@gmail.com'),
  ('SUP-000003', 'PQR Imports', '09345678901', '0456789012', '789 Pine Road, Villageton', 'pqr.imports@gmail.com'),
  ('SUP-000004', 'LMN Traders', '09456789012', '0654321098', '321 Cedar Lane, Hamlet City', 'lmn.traders@gmail.com'),
  ('SUP-000005', 'EFG Exporters', '09567890123', '0543210987', '987 Birch Street, Countryside', 'efg.exporters@gmail.com');
  
  
INSERT INTO roles (role_id, role_name, description, permission)
VALUES
  ('ROLE-0001', 'admin', 'highest level', 'level10'),
  ('ROLE-0002', 'manager', 'second to highest', 'level8'),
  ('ROLE-0003', 'cashier', 'third to highest', 'level3');
  
INSERT INTO employees (employee_id, name, username, password, hourly_wage, work_schedule, role_id)
VALUES
  ('EMP-000001', 'Luke Gonzales', 'luke_gonzales', 'password123', 100, '09:00', 'ROLE-0001'),
  ('EMP-000002', 'Emma Rodriguez', 'emma_rodriguez', 'pass456', 85, '10:00', 'ROLE-0002'),
  ('EMP-000003', 'Caleb Martinez', 'caleb_martinez', 'secure789', 70, '07:00', 'ROLE-0003'),
  ('EMP-000004', 'Olivia Baker', 'olivia_baker', 'password987', 70, '03:00', 'ROLE-0003'),
  ('EMP-000005', 'Ethan Foster', 'ethan_foster', 'pass1234', 70, '11:00', 'ROLE-0003');
  

INSERT INTO product_category (product_category_id, product_category_name)
VALUES
('PCAT-0001', 'Beverages'),
('PCAT-0002', 'Snacks'),
('PCAT-0003', 'Personal Care'),
('PCAT-0004', 'Canned Goods'),
('PCAT-0005', 'Dairy'),
('PCAT-0006', 'Toiletries'),
('PCAT-0007', 'Frozen Foods'), 
('PCAT-0008', 'Office Supplies'),
('PCAT-0009', 'Cigarettes'),
('PCAT-0010', 'Confectionery');


INSERT INTO products (product_id, barcode_id, barcode_type, product_name, unit_price, brand, classification, product_category_id)
VALUES
('PROD-000001', '456789123456', 'upc_a', 'Bottled Water', 7.5, 'AQUA', '500 ml', 'PCAT-0001'),
('PROD-000002', '567891234567', 'upc_a', 'Cola', 20, 'SODA', '355 ml', 'PCAT-0001'),
('PROD-000003', '678912345678', 'upc_a', 'Orange Juice', 30, 'CITRUS', '1 L', 'PCAT-0001'),
('PROD-000004', '789123456789', 'upc_a', 'Iced Tea', 25, 'TEA', '450 ml', 'PCAT-0001'),
('PROD-000005', '012345678912', 'upc_a', 'Potato Chips', 120, 'POTATO', '18 g', 'PCAT-0002'),
('PROD-000006', '123456789123', 'upc_a', 'Cheese Puffs', 100, 'CHEESE', '20 g', 'PCAT-0002'),
('PROD-000007', '234567891234', 'upc_a', 'Popcorn', 80, 'POP', '30 g', 'PCAT-0002'),
('PROD-000008', '345678912345', 'upc_a', 'Pretzels', 150, 'PRETZ', '25 g', 'PCAT-0002'),
('PROD-000009', '891234567890', 'upc_a', 'Shampoo', 80, 'CLEAN', '250 ml', 'PCAT-0003'),
('PROD-000010', '912345678901', 'upc_a', 'Toothpaste', 35, 'SMILE', '150 g', 'PCAT-0003'),
('PROD-000011', '123456789012', 'upc_a', 'Soap', 15, 'FRESH', '100 g', 'PCAT-0003'),
('PROD-000012', '234567890123', 'upc_a', 'Deodorant', 50, 'FRESH', '50 ml', 'PCAT-0003'),
('PROD-000013', '345678901234', 'upc_a', 'Canned Beans', 25, 'BEANS', '400 g', 'PCAT-0004'),
('PROD-000014', '456789012345', 'upc_a', 'Canned Soup', 30, 'SOUP', '300 g', 'PCAT-0004'),
('PROD-000015', '567890123456', 'upc_a', 'Canned Tomatoes', 18, 'TOMATO', '250 g', 'PCAT-0004'),
('PROD-000016', '678901234567', 'upc_a', 'Canned Tuna', 40, 'TUNA', '150 g', 'PCAT-0004'),
('PROD-000017', '789012345678', 'upc_a', 'Milk', 25, 'DAIRY', '1 L', 'PCAT-0005'),
('PROD-000018', '890123456789', 'upc_a', 'Cheese', 50, 'CHEDDAR', '200 g', 'PCAT-0005'),
('PROD-000019', '901234567890', 'upc_a', 'Yogurt', 18, 'YOGI', '150 g', 'PCAT-0005'),
('PROD-000020', '012345678901', 'upc_a', 'Butter', 30, 'CREAMY', '250 g', 'PCAT-0005'),
('PROD-000021', '123456789012', 'upc_a', 'Toilet Paper', 45, 'SOFT', '12 rolls', 'PCAT-0006'),
('PROD-000022', '234567890123', 'upc_a', 'Shaving Cream', 25, 'SMOOTH', '150 ml', 'PCAT-0006'),
('PROD-000023', '345678901234', 'upc_a', 'Toothbrush', 12, 'CLEAN', '1 pc', 'PCAT-0006'),
('PROD-000024', '456789012345', 'upc_a', 'Facial Tissues', 30, 'GENTLE', '200 sheets', 'PCAT-0006'),
('PROD-000025', '567890123456', 'upc_a', 'Frozen Pizza', 60, 'PIZZA', '400 g', 'PCAT-0007'),
('PROD-000026', '678901234567', 'upc_a', 'Frozen Vegetables', 28, 'VEGGIE', '500 g', 'PCAT-0007'),
('PROD-000027', '789012345678', 'upc_a', 'Ice Cream', 50, 'SWEET', '1 L', 'PCAT-0007'),
('PROD-000028', '890123456789', 'upc_a', 'Frozen Chicken Nuggets', 40, 'CHICKEN', '300 g', 'PCAT-0007'),
('PROD-000029', '901234567890', 'upc_a', 'Notebooks', 25, 'WRITE', '80 pages', 'PCAT-0008'),
('PROD-000030', '012345678901', 'upc_a', 'Pens', 10, 'INKY', '5 pcs', 'PCAT-0008'),
('PROD-000031', '123456789012', 'upc_a', 'Stapler', 40, 'FASTEN', '1 pc', 'PCAT-0008'),
('PROD-000032', '234567890123', 'upc_a', 'Desk Organizer', 60, 'ORGANIZE', '1 pc', 'PCAT-0008'),
('PROD-000033', '345678901234', 'upc_a', 'Regular Cigarettes', 40, 'BRAND1', '1 pack', 'PCAT-0009'),
('PROD-000034', '456789012345', 'upc_a', 'Menthol Cigarettes', 42.5, 'BRAND2', '1 pack', 'PCAT-0009'),
('PROD-000035', '567890123456', 'upc_a', 'Light Cigarettes', 45, 'BRAND3', '1 pack', 'PCAT-0009'),
('PROD-000036', '678901234567', 'upc_a', 'Flavored Cigarettes', 50, 'BRAND4', '1 pack', 'PCAT-0009'),
('PROD-000037', '789012345678', 'upc_a', 'Chocolate Bars', 12.5, 'SWEETIE', '50 g', 'PCAT-0010'),
('PROD-000038', '4800016342899', 'upc_a', 'Ferrero Rocher Chocolate', 20, 'Ferrero', '200 g', 'PCAT-0010'),
('PROD-000039', '4800128791022', 'upc_a', 'Haribo Goldbears Gummy Candy', 9, 'Haribo', '100 g', 'PCAT-0010'),
('PROD-000040', '4800110096102', 'upc_a', 'Red Vines Licorice Twists', 15, 'Red Vines', '150 g', 'PCAT-0010'),
('PROD-000041', '456789123456', 'upc_a', 'Bottled Water', 7.5, 'AQUA', '500 ml', 'PCAT-0001'),
('PROD-000042', '567891234567', 'upc_a', 'Cola', 20, 'SODA', '355 ml', 'PCAT-0001'),
('PROD-000043', '678912345678', 'upc_a', 'Orange Juice', 30, 'CITRUS', '1 L', 'PCAT-0001'),
('PROD-000044', '789123456789', 'upc_a', 'Iced Tea', 25, 'TEA', '450 ml', 'PCAT-0001'),
('PROD-000045', '012345678912', 'upc_a', 'Potato Chips', 120, 'POTATO', '18 g', 'PCAT-0002'),
('PROD-000046', '123456789123', 'upc_a', 'Cheese Puffs', 100, 'CHEESE', '20 g', 'PCAT-0002'),
('PROD-000047', '234567891234', 'upc_a', 'Popcorn', 80, 'POP', '30 g', 'PCAT-0002'),
('PROD-000048', '345678912345', 'upc_a', 'Pretzels', 150, 'PRETZ', '25 g', 'PCAT-0002'),
('PROD-000049', '891234567890', 'upc_a', 'Shampoo', 80, 'CLEAN', '250 ml', 'PCAT-0003'),
('PROD-000050', '912345678901', 'upc_a', 'Toothpaste', 35, 'SMILE', '150 g', 'PCAT-0003'),
('PROD-000051', '123456789012', 'upc_a', 'Soap', 15, 'FRESH', '100 g', 'PCAT-0003'),
('PROD-000052', '234567890123', 'upc_a', 'Deodorant', 50, 'FRESH', '50 ml', 'PCAT-0003'),
('PROD-000053', '345678901234', 'upc_a', 'Canned Beans', 25, 'BEANS', '400 g', 'PCAT-0004'),
('PROD-000054', '456789012345', 'upc_a', 'Canned Soup', 30, 'SOUP', '300 g', 'PCAT-0004'),
('PROD-000055', '567890123456', 'upc_a', 'Canned Tomatoes', 18, 'TOMATO', '250 g', 'PCAT-0004'),
('PROD-000056', '678901234567', 'upc_a', 'Canned Tuna', 40, 'TUNA', '150 g', 'PCAT-0004'),
('PROD-000057', '789012345678', 'upc_a', 'Milk', 25, 'DAIRY', '1 L', 'PCAT-0005'),
('PROD-000058', '890123456789', 'upc_a', 'Cheese', 50, 'CHEDDAR', '200 g', 'PCAT-0005'),
('PROD-000059', '901234567890', 'upc_a', 'Yogurt', 18, 'YOGI', '150 g', 'PCAT-0005'),
('PROD-000060', '012345678901', 'upc_a', 'Butter', 30, 'CREAMY', '250 g', 'PCAT-0005'),
('PROD-000061', '123456789012', 'upc_a', 'Toilet Paper', 45, 'SOFT', '12 rolls', 'PCAT-0006'),
('PROD-000062', '234567890123', 'upc_a', 'Shaving Cream', 25, 'SMOOTH', '150 ml', 'PCAT-0006'),
('PROD-000063', '345678901234', 'upc_a', 'Toothbrush', 12, 'CLEAN', '1 pc', 'PCAT-0006'),
('PROD-000064', '456789012345', 'upc_a', 'Facial Tissues', 30, 'GENTLE', '200 sheets', 'PCAT-0006'),
('PROD-000065', '567890123456', 'upc_a', 'Frozen Pizza', 60, 'PIZZA', '400 g', 'PCAT-0007'),
('PROD-000066', '678901234567', 'upc_a', 'Frozen Vegetables', 28, 'VEGGIE', '500 g', 'PCAT-0007'),
('PROD-000067', '789012345678', 'upc_a', 'Ice Cream', 50, 'SWEET', '1 L', 'PCAT-0007'),
('PROD-000068', '890123456789', 'upc_a', 'Frozen Chicken Nuggets', 40, 'CHICKEN', '300 g', 'PCAT-0007'),
('PROD-000069', '901234567890', 'upc_a', 'Notebooks', 25, 'WRITE', '80 pages', 'PCAT-0008'),
('PROD-000070', '012345678901', 'upc_a', 'Pens', 10, 'INKY', '5 pcs', 'PCAT-0008'),
('PROD-000071', '123456789012', 'upc_a', 'Stapler', 40, 'FASTEN', '1 pc', 'PCAT-0008'),
('PROD-000072', '234567890123', 'upc_a', 'Desk Organizer', 60, 'ORGANIZE', '1 pc', 'PCAT-0008'),
('PROD-000073', '345678901234', 'upc_a', 'Regular Cigarettes', 40, 'BRAND1', '1 pack', 'PCAT-0009'),
('PROD-000074', '456789012345', 'upc_a', 'Menthol Cigarettes', 42.5, 'BRAND2', '1 pack', 'PCAT-0009'),
('PROD-000075', '567890123456', 'upc_a', 'Light Cigarettes', 45, 'BRAND3', '1 pack', 'PCAT-0009'),
('PROD-000076', '678901234567', 'upc_a', 'Flavored Cigarettes', 50, 'BRAND4', '1 pack', 'PCAT-0009'),
('PROD-000077', '789012345678', 'upc_a', 'Chocolate Bars', 12.5, 'SWEETIE', '50 g', 'PCAT-0010'),
('PROD-000078', '890123456789', 'upc_a', 'Candy Assortment', 40, 'MIXED', '200 g', 'PCAT-0010'),
('PROD-000079', '901234567890', 'upc_a', 'Gummy Bears', 18, 'GUMMY', '100 g', 'PCAT-0010'),
('PROD-000080', '012345678901', 'upc_a', 'Licorice Twists', 30, 'TWISTY', '150 g', 'PCAT-0010');


INSERT INTO product_history (product_history_id, product_id, old_bought_price, new_bought_price, old_selling_price, new_selling_price, change_datetime, employee_id)
VALUES
('HIST-000001', 'PROD-000001', 6.75, 7, 7.5, 7.5, NOW(), 'EMP-000001'),
('HIST-000002', 'PROD-000002', 18, 19, 20, 20, NOW(), 'EMP-000002'),
('HIST-000003', 'PROD-000003', 27, 28.5, 30, 30, NOW(), 'EMP-000003'),
('HIST-000004', 'PROD-000004', 22.5, 23.75, 25, 25, NOW(), 'EMP-000004'),
('HIST-000005', 'PROD-000005', 108, 114, 120, 120, NOW(), 'EMP-000005'),
('HIST-000006', 'PROD-000006', 90, 95, 100, 100, NOW(), 'EMP-000001'),
('HIST-000007', 'PROD-000007', 72, 76, 80, 80, NOW(), 'EMP-000002'),
('HIST-000008', 'PROD-000008', 135, 142.5, 150, 150, NOW(), 'EMP-000003'),
('HIST-000009', 'PROD-000009', 72, 76, 80, 80, NOW(), 'EMP-000004'),
('HIST-000010', 'PROD-000010', 31.5, 33.25, 35, 35, NOW(), 'EMP-000005'),
('HIST-000011', 'PROD-000011', 13.5, 14.25, 15, 15, NOW(), 'EMP-000001'),
('HIST-000012', 'PROD-000012', 45, 47.5, 50, 50, NOW(), 'EMP-000002'),
('HIST-000013', 'PROD-000013', 22.5, 23.75, 25, 25, NOW(), 'EMP-000003'),
('HIST-000014', 'PROD-000014', 27, 28.5, 30, 30, NOW(), 'EMP-000004'),
('HIST-000015', 'PROD-000015', 13.5, 15.75, 18, 18, NOW(), 'EMP-000005'),
('HIST-000016', 'PROD-000016', 36, 38, 40, 40, NOW(), 'EMP-000001'),
('HIST-000017', 'PROD-000017', 22.5, 23.75, 25, 25, NOW(), 'EMP-000002'),
('HIST-000018', 'PROD-000018', 45, 47.5, 50, 50, NOW(), 'EMP-000003'),
('HIST-000019', 'PROD-000019', 16.2, 17.1, 18, 18, NOW(), 'EMP-000004'),
('HIST-000020', 'PROD-000020', 27, 28.5, 30, 30, NOW(), 'EMP-000005'),
('HIST-000021', 'PROD-000021', 40.5, 42.75, 45, 45, NOW(), 'EMP-000001'),
('HIST-000022', 'PROD-000022', 22.5, 23.75, 25, 25, NOW(), 'EMP-000002'),
('HIST-000023', 'PROD-000023', 10.8, 11.4, 12, 12, NOW(), 'EMP-000003'),
('HIST-000024', 'PROD-000024', 27, 28.5, 30, 30, NOW(), 'EMP-000004'),
('HIST-000025', 'PROD-000025', 54, 57, 60, 60, NOW(), 'EMP-000005'),
('HIST-000026', 'PROD-000026', 25.2, 26.6, 28, 28, NOW(), 'EMP-000001'),
('HIST-000027', 'PROD-000027', 45, 47.5, 50, 50, NOW(), 'EMP-000002'),
('HIST-000028', 'PROD-000028', 36, 38, 40, 40, NOW(), 'EMP-000003'),
('HIST-000029', 'PROD-000029', 22.5, 23.75, 25, 25, NOW(), 'EMP-000004'),
('HIST-000030', 'PROD-000030', 9, 9.5, 10, 10, NOW(), 'EMP-000005'),
('HIST-000031', 'PROD-000031', 36, 38, 40, 40, NOW(), 'EMP-000001'),
('HIST-000032', 'PROD-000032', 54, 57, 60, 60, NOW(), 'EMP-000002'),
('HIST-000033', 'PROD-000033', 36, 38, 40, 40, NOW(), 'EMP-000003'),
('HIST-000034', 'PROD-000034', 38.25, 40.375, 42.5, 42.5, NOW(), 'EMP-000004'),
('HIST-000035', 'PROD-000035', 40.5, 42.75, 45, 45, NOW(), 'EMP-000005'),
('HIST-000036', 'PROD-000036', 45, 47.5, 50, 50, NOW(), 'EMP-000001'),
('HIST-000037', 'PROD-000037', 11.25, 11.875, 12.5, 12.5, NOW(), 'EMP-000002'),
('HIST-000038', 'PROD-000038', 18, 19, 20, 20, NOW(), 'EMP-000003'),
('HIST-000039', 'PROD-000039', 8.1, 8.55, 9, 9, NOW(), 'EMP-000004'),
('HIST-000040', 'PROD-000040', 13.5, 14.25, 15, 15, NOW(), 'EMP-000005'),
('HIST-000041', 'PROD-000041', 6.75, 7, 7.5, 7.5, NOW(), 'EMP-000001'),
('HIST-000042', 'PROD-000042', 18, 19, 20, 20, NOW(), 'EMP-000002'),
('HIST-000043', 'PROD-000043', 27, 28.5, 30, 30, NOW(), 'EMP-000003'),
('HIST-000044', 'PROD-000044', 22.5, 23.75, 25, 25, NOW(), 'EMP-000004'),
('HIST-000045', 'PROD-000045', 108, 114, 120, 120, NOW(), 'EMP-000005'),
('HIST-000046', 'PROD-000046', 90, 95, 100, 100, NOW(), 'EMP-000001'),
('HIST-000047', 'PROD-000047', 72, 76, 80, 80, NOW(), 'EMP-000002'),
('HIST-000048', 'PROD-000048', 135, 142.5, 150, 150, NOW(), 'EMP-000003'),
('HIST-000049', 'PROD-000049', 72, 76, 80, 80, NOW(), 'EMP-000004'),
('HIST-000050', 'PROD-000050', 31.5, 33.25, 35, 35, NOW(), 'EMP-000005'),
('HIST-000051', 'PROD-000051', 13.5, 14.25, 15, 15, NOW(), 'EMP-000001'),
('HIST-000052', 'PROD-000052', 45, 47.5, 50, 50, NOW(), 'EMP-000002'),
('HIST-000053', 'PROD-000053', 22.5, 23.75, 25, 25, NOW(), 'EMP-000003'),
('HIST-000054', 'PROD-000054', 27, 28.5, 30, 30, NOW(), 'EMP-000004'),
('HIST-000055', 'PROD-000055', 13.5, 15.75, 18, 18, NOW(), 'EMP-000005'),
('HIST-000056', 'PROD-000056', 36, 38, 40, 40, NOW(), 'EMP-000001'),
('HIST-000057', 'PROD-000057', 22.5, 23.75, 25, 25, NOW(), 'EMP-000002'),
('HIST-000058', 'PROD-000058', 45, 47.5, 50, 50, NOW(), 'EMP-000003'),
('HIST-000059', 'PROD-000059', 16.2, 17.1, 18, 18, NOW(), 'EMP-000004'),
('HIST-000060', 'PROD-000060', 27, 28.5, 30, 30, NOW(), 'EMP-000005'),
('HIST-000061', 'PROD-000061', 40.5, 42.75, 45, 45, NOW(), 'EMP-000001'),
('HIST-000062', 'PROD-000062', 22.5, 23.75, 25, 25, NOW(), 'EMP-000002'),
('HIST-000063', 'PROD-000063', 10.8, 11.4, 12, 12, NOW(), 'EMP-000003'),
('HIST-000064', 'PROD-000064', 27, 28.5, 30, 30, NOW(), 'EMP-000004'),
('HIST-000065', 'PROD-000065', 54, 57, 60, 60, NOW(), 'EMP-000005'),
('HIST-000066', 'PROD-000066', 25.2, 26.6, 28, 28, NOW(), 'EMP-000001'),
('HIST-000067', 'PROD-000067', 45, 47.5, 50, 50, NOW(), 'EMP-000002'),
('HIST-000068', 'PROD-000068', 36, 38, 40, 40, NOW(), 'EMP-000003'),
('HIST-000069', 'PROD-000069', 22.5, 23.75, 25, 25, NOW(), 'EMP-000004'),
('HIST-000070', 'PROD-000070', 9, 9.5, 10, 10, NOW(), 'EMP-000005'),
('HIST-000071', 'PROD-000071', 36, 38, 40, 40, NOW(), 'EMP-000001'),
('HIST-000072', 'PROD-000072', 54, 57, 60, 60, NOW(), 'EMP-000002'),
('HIST-000073', 'PROD-000073', 36, 38, 40, 40, NOW(), 'EMP-000003'),
('HIST-000074', 'PROD-000074', 38.25, 40.375, 42.5, 42.5, NOW(), 'EMP-000004'),
('HIST-000075', 'PROD-000075', 40.5, 42.75, 45, 45, NOW(), 'EMP-000005'),
('HIST-000076', 'PROD-000076', 45, 47.5, 50, 50, NOW(), 'EMP-000001'),
('HIST-000077', 'PROD-000077', 11.25, 11.875, 12.5, 12.5, NOW(), 'EMP-000002'),
('HIST-000078', 'PROD-000078', 18, 19, 20, 20, NOW(), 'EMP-000003'),
('HIST-000079', 'PROD-000079', 8.1, 8.55, 9, 9, NOW(), 'EMP-000004'),
('HIST-000080', 'PROD-000080', 13.5, 14.25, 15, 15, NOW(), 'EMP-000005');




INSERT INTO product_inventory (inventory_id, product_id, current_stock, minimum_stock_level, maximum_stock_level, last_stock_update)
VALUES
('INV-000001', 'PROD-000001', 100, 20, 150, '2024-02-06'),
('INV-000002', 'PROD-000002', 150, 30, 200, '2024-02-06'),
('INV-000003', 'PROD-000003', 80, 15, 120, '2024-02-06'),
('INV-000004', 'PROD-000004', 120, 25, 180, '2024-02-06'),
('INV-000005', 'PROD-000005', 200, 40, 250, '2024-02-06'),
('INV-000006', 'PROD-000006', 180, 35, 220, '2024-02-06'),
('INV-000007', 'PROD-000007', 100, 20, 150, '2024-02-06'),
('INV-000008', 'PROD-000008', 150, 30, 200, '2024-02-06'),
('INV-000009', 'PROD-000009', 90, 18, 130, '2024-02-06'),
('INV-000010', 'PROD-000010', 120, 25, 180, '2024-02-06'),
('INV-000011', 'PROD-000011', 70, 14, 100, '2024-02-06'),
('INV-000012', 'PROD-000012', 110, 22, 160, '2024-02-06'),
('INV-000013', 'PROD-000013', 180, 35, 220, '2024-02-06'),
('INV-000014', 'PROD-000014', 120, 25, 180, '2024-02-06'),
('INV-000015', 'PROD-000015', 90, 18, 130, '2024-02-06'),
('INV-000016', 'PROD-000016', 150, 30, 200, '2024-02-06'),
('INV-000017', 'PROD-000017', 200, 40, 250, '2024-02-06'),
('INV-000018', 'PROD-000018', 180, 35, 220, '2024-02-06'),
('INV-000019', 'PROD-000019', 120, 25, 180, '2024-02-06'),
('INV-000020', 'PROD-000020', 150, 30, 200, '2024-02-06'),
('INV-000021', 'PROD-000021', 100, 20, 150, '2024-02-06'),
('INV-000022', 'PROD-000022', 130, 26, 190, '2024-02-06'),
('INV-000023', 'PROD-000023', 70, 14, 100, '2024-02-06'),
('INV-000024', 'PROD-000024', 110, 22, 160, '2024-02-06'),
('INV-000025', 'PROD-000025', 180, 35, 220, '2024-02-06'),
('INV-000026', 'PROD-000026', 120, 25, 180, '2024-02-06'),
('INV-000027', 'PROD-000027', 90, 18, 130, '2024-02-06'),
('INV-000028', 'PROD-000028', 150, 30, 200, '2024-02-06'),
('INV-000029', 'PROD-000029', 200, 40, 250, '2024-02-06'),
('INV-000030', 'PROD-000030', 180, 35, 220, '2024-02-06'),
('INV-000031', 'PROD-000031', 120, 25, 180, '2024-02-06'),
('INV-000032', 'PROD-000032', 150, 30, 200, '2024-02-06'),
('INV-000033', 'PROD-000033', 100, 20, 150, '2024-02-06'),
('INV-000034', 'PROD-000034', 130, 26, 190, '2024-02-06'),
('INV-000035', 'PROD-000035', 70, 14, 100, '2024-02-06'),
('INV-000036', 'PROD-000036', 110, 22, 160, '2024-02-06'),
('INV-000037', 'PROD-000037', 180, 35, 220, '2024-02-06'),
('INV-000038', 'PROD-000038', 120, 25, 180, '2024-02-06'),
('INV-000039', 'PROD-000039', 90, 18, 130, '2024-02-06'),
('INV-000040', 'PROD-000040', 150, 30, 200, '2024-02-06'),
('INV-000041', 'PROD-000041', 100, 20, 150, '2024-02-06'),
('INV-000042', 'PROD-000042', 150, 30, 200, '2024-02-06'),
('INV-000043', 'PROD-000043', 80, 15, 120, '2024-02-06'),
('INV-000044', 'PROD-000044', 120, 25, 180, '2024-02-06'),
('INV-000045', 'PROD-000045', 200, 40, 250, '2024-02-06'),
('INV-000046', 'PROD-000046', 180, 35, 220, '2024-02-06'),
('INV-000047', 'PROD-000047', 100, 20, 150, '2024-02-06'),
('INV-000049', 'PROD-000049', 90, 18, 130, '2024-02-06'),
('INV-000050', 'PROD-000050', 120, 25, 180, '2024-02-06'),
('INV-000051', 'PROD-000051', 70, 14, 100, '2024-02-06'),
('INV-000052', 'PROD-000052', 110, 22, 160, '2024-02-06'),
('INV-000053', 'PROD-000053', 180, 35, 220, '2024-02-06'),
('INV-000054', 'PROD-000054', 120, 25, 180, '2024-02-06'),
('INV-000055', 'PROD-000055', 90, 18, 130, '2024-02-06'),
('INV-000056', 'PROD-000056', 150, 30, 200, '2024-02-06'),
('INV-000057', 'PROD-000057', 200, 40, 250, '2024-02-06'),
('INV-000058', 'PROD-000058', 180, 35, 220, '2024-02-06'),
('INV-000059', 'PROD-000059', 120, 25, 180, '2024-02-06'),
('INV-000060', 'PROD-000060', 150, 30, 200, '2024-02-06'),
('INV-000061', 'PROD-000061', 100, 20, 150, '2024-02-06'),
('INV-000062', 'PROD-000062', 130, 26, 190, '2024-02-06'),
('INV-000063', 'PROD-000063', 70, 14, 100, '2024-02-06'),
('INV-000064', 'PROD-000064', 110, 22, 160, '2024-02-06'),
('INV-000065', 'PROD-000065', 180, 35, 220, '2024-02-06'),
('INV-000066', 'PROD-000066', 120, 25, 180, '2024-02-06'),
('INV-000067', 'PROD-000067', 90, 18, 130, '2024-02-06'),
('INV-000068', 'PROD-000068', 150, 30, 200, '2024-02-06'),
('INV-000069', 'PROD-000069', 200, 40, 250, '2024-02-06'),
('INV-000070', 'PROD-000070', 180, 35, 220, '2024-02-06'),
('INV-000071', 'PROD-000071', 120, 25, 180, '2024-02-06'),
('INV-000072', 'PROD-000072', 150, 30, 200, '2024-02-06'),
('INV-000073', 'PROD-000073', 100, 20, 150, '2024-02-06'),
('INV-000074', 'PROD-000074', 130, 26, 190, '2024-02-06'),
('INV-000075', 'PROD-000075', 70, 14, 100, '2024-02-06'),
('INV-000076', 'PROD-000076', 110, 22, 160, '2024-02-06'),
('INV-000077', 'PROD-000077', 180, 35, 220, '2024-02-06'),
('INV-000078', 'PROD-000078', 120, 25, 180, '2024-02-06'),
('INV-000079', 'PROD-000079', 90, 18, 130, '2024-02-06'),
('INV-000080', 'PROD-000080', 150, 30, 200, '2024-02-06');





INSERT INTO transactions(transaction_id, transaction_datetime, payment_method, total_amount, employee_id)
VALUES
('TRANS-000035', '2024-02-06 15:01:06', 'Cash', 43, 'EMP-000002'),
('TRANS-000002', '2024-02-06 15:12:23', 'Credit Card', 75, 'EMP-000003'),
('TRANS-000003', '2024-02-06 15:30:45', 'Debit Card', 56, 'EMP-000004'),
('TRANS-000004', '2024-02-06 15:45:12', 'Cash', 92, 'EMP-000005'),
('TRANS-000005', '2024-02-06 16:02:34', 'Cash', 115, 'EMP-000001'),
('TRANS-000006', '2024-02-06 16:15:55', 'Credit Card', 68, 'EMP-000002'),
('TRANS-000007', '2024-02-06 16:30:10', 'Cash', 40, 'EMP-000003'),
('TRANS-000008', '2024-02-06 16:42:28', 'Credit Card', 87, 'EMP-000004'),
('TRANS-000009', '2024-02-06 16:55:49', 'Debit Card', 105, 'EMP-000005'),
('TRANS-000010', '2024-02-06 17:10:02', 'Cash', 60, 'EMP-000001'),
('TRANS-000011', '2024-02-06 17:22:18', 'Cash', 78, 'EMP-000002'),
('TRANS-000012', '2024-02-06 17:35:35', 'Credit Card', 93, 'EMP-000003'),
('TRANS-000013', '2024-02-06 17:50:01', 'Cash', 104, 'EMP-000004'),
('TRANS-000014', '2024-02-06 18:05:20', 'Cash', 65, 'EMP-000005'),
('TRANS-000015', '2024-02-06 18:18:40', 'Debit Card', 82, 'EMP-000001'),
('TRANS-000016', '2024-02-06 18:30:59', 'Cash', 49, 'EMP-000002'),
('TRANS-000017', '2024-02-06 18:45:15', 'Credit Card', 71, 'EMP-000003'),
('TRANS-000018', '2024-02-06 19:00:30', 'Cash', 96, 'EMP-000004'),
('TRANS-000019', '2024-02-06 19:15:48', 'Credit Card', 113, 'EMP-000005'),
('TRANS-000020', '2024-02-06 19:30:55', 'Debit Card', 55, 'EMP-000001'),
('TRANS-000021', '2024-02-06 19:45:11', 'Cash', 74, 'EMP-000002'),
('TRANS-000022', '2024-02-06 20:00:29', 'Cash', 86, 'EMP-000003'),
('TRANS-000023', '2024-02-06 20:15:48', 'Credit Card', 98, 'EMP-000004'),
('TRANS-000024', '2024-02-06 20:30:57', 'Cash', 102, 'EMP-000005'),
('TRANS-000025', '2024-02-06 20:45:11', 'Debit Card', 63, 'EMP-000001'),
('TRANS-000026', '2024-02-06 21:00:29', 'Cash', 79, 'EMP-000002'),
('TRANS-000027', '2024-02-06 21:15:45', 'Credit Card', 115, 'EMP-000003'),
('TRANS-000028', '2024-02-06 21:30:58', 'Cash', 48, 'EMP-000004'),
('TRANS-000029', '2024-02-06 21:45:12', 'Cash', 69, 'EMP-000005'),
('TRANS-000030', '2024-02-06 22:00:28', 'Credit Card', 81, 'EMP-000001'),
('TRANS-000031', '2024-02-06 22:15:49', 'Debit Card', 90, 'EMP-000002'),
('TRANS-000032', '2024-02-06 22:30:57', 'Cash', 110, 'EMP-000003'),
('TRANS-000033', '2024-02-06 22:45:10', 'Credit Card', 53, 'EMP-000004'),
('TRANS-000034', '2024-02-06 23:00:29', 'Cash', 77, 'EMP-000005');

INSERT INTO transaction_details(transaction_id, product_id, quantity, subtotal)
VALUES
('TRANS-000002', 'PROD-000002', 5, 40.00),
('TRANS-000003', 'PROD-000003', 3, 24.00),
('TRANS-000004', 'PROD-000004', 8, 64.00),
('TRANS-000005', 'PROD-000005', 10, 80.00),
('TRANS-000006', 'PROD-000006', 2, 16.00),
('TRANS-000007', 'PROD-000007', 7, 35.00),
('TRANS-000008', 'PROD-000008', 4, 32.00),
('TRANS-000009', 'PROD-000009', 6, 54.00),
('TRANS-000010', 'PROD-000010', 9, 72.00),
('TRANS-000011', 'PROD-000011', 11, 88.00),
('TRANS-000012', 'PROD-000012', 15, 120.00),
('TRANS-000013', 'PROD-000013', 13, 104.00),
('TRANS-000014', 'PROD-000014', 6, 24.00),
('TRANS-000015', 'PROD-000015', 4, 32.00),
('TRANS-000016', 'PROD-000016', 8, 64.00),
('TRANS-000017', 'PROD-000017', 10, 40.00),
('TRANS-000018', 'PROD-000018', 7, 14.00),
('TRANS-000019', 'PROD-000019', 3, 36.00),
('TRANS-000020', 'PROD-000020', 9, 81.00),
('TRANS-000021', 'PROD-000021', 5, 25.00),
('TRANS-000022', 'PROD-000022', 4, 34.00),
('TRANS-000023', 'PROD-000023', 11, 110.00),
('TRANS-000024', 'PROD-000024', 14, 98.00),
('TRANS-000025', 'PROD-000025', 6, 18.00),
('TRANS-000026', 'PROD-000026', 7, 49.00),
('TRANS-000027', 'PROD-000027', 9, 81.00),
('TRANS-000028', 'PROD-000028', 5, 35.00),
('TRANS-000029', 'PROD-000029', 12, 60.00),
('TRANS-000030', 'PROD-000030', 8, 32.00),
('TRANS-000031', 'PROD-000031', 3, 27.00),
('TRANS-000032', 'PROD-000032', 10, 100.00),
('TRANS-000033', 'PROD-000033', 7, 49.00),
('TRANS-000034', 'PROD-000034', 9, 63.00),
('TRANS-000035', 'PROD-000035', 6, 36.00);






INSERT INTO orders(order_id, order_date, employee_id)
VALUES
('ORDER-000035', '2024-02-06', 'EMP-000002'),
('ORDER-000002', '2024-02-07', 'EMP-000003'),
('ORDER-000003', '2024-02-08', 'EMP-000004'),
('ORDER-000004', '2024-02-09', 'EMP-000005'),
('ORDER-000005', '2024-02-10', 'EMP-000001'),
('ORDER-000006', '2024-02-11', 'EMP-000002'),
('ORDER-000007', '2024-02-12', 'EMP-000003'),
('ORDER-000008', '2024-02-13', 'EMP-000004'),
('ORDER-000009', '2024-02-14', 'EMP-000005'),
('ORDER-000010', '2024-02-15', 'EMP-000001'),
('ORDER-000011', '2024-02-16', 'EMP-000002'),
('ORDER-000012', '2024-02-17', 'EMP-000003'),
('ORDER-000013', '2024-02-18', 'EMP-000004'),
('ORDER-000014', '2024-02-19', 'EMP-000005'),
('ORDER-000015', '2024-02-20', 'EMP-000001'),
('ORDER-000016', '2024-02-21', 'EMP-000002'),
('ORDER-000017', '2024-02-22', 'EMP-000003'),
('ORDER-000018', '2024-02-23', 'EMP-000004'),
('ORDER-000019', '2024-02-24', 'EMP-000005'),
('ORDER-000020', '2024-02-25', 'EMP-000001'),
('ORDER-000021', '2024-02-26', 'EMP-000002'),
('ORDER-000022', '2024-02-27', 'EMP-000003'),
('ORDER-000023', '2024-02-28', 'EMP-000004'),
('ORDER-000024', '2024-02-29', 'EMP-000005'),
('ORDER-000025', '2024-03-01', 'EMP-000001'),
('ORDER-000026', '2024-03-02', 'EMP-000002'),
('ORDER-000027', '2024-03-03', 'EMP-000003'),
('ORDER-000028', '2024-03-04', 'EMP-000004'),
('ORDER-000029', '2024-03-05', 'EMP-000005'),
('ORDER-000030', '2024-03-06', 'EMP-000001'),
('ORDER-000031', '2024-03-07', 'EMP-000002'),
('ORDER-000032', '2024-03-08', 'EMP-000003'),
('ORDER-000033', '2024-03-09', 'EMP-000004'),
('ORDER-000034', '2024-03-10', 'EMP-000005');


INSERT INTO order_details(order_id, inventory_id, expected_date, actual_date, order_quantity, supplier_id)
VALUES
('ORDER-000002', 'INV-000004', '2024-03-02', '2024-02-15', 10, 'SUP-000005'),
('ORDER-000003', 'INV-000005', '2024-03-03', '2024-02-16', 20, 'SUP-000001'),
('ORDER-000004', 'INV-000006', '2024-03-04', '2024-02-17', 25, 'SUP-000002'),
('ORDER-000005', 'INV-000007', '2024-03-05', '2024-02-18', 12, 'SUP-000003'),
('ORDER-000006', 'INV-000008', '2024-03-06', '2024-02-19', 18, 'SUP-000004'),
('ORDER-000007', 'INV-000009', '2024-03-07', '2024-02-20', 30, 'SUP-000005'),
('ORDER-000008', 'INV-000010', '2024-03-08', '2024-02-21', 15, 'SUP-000001'),
('ORDER-000009', 'INV-000011', '2024-03-09', '2024-02-22', 22, 'SUP-000002'),
('ORDER-000010', 'INV-000012', '2024-03-10', '2024-02-23', 17, 'SUP-000003'),
('ORDER-000011', 'INV-000013', '2024-03-11', '2024-02-24', 28, 'SUP-000004'),
('ORDER-000012', 'INV-000014', '2024-03-12', '2024-02-25', 16, 'SUP-000005'),
('ORDER-000013', 'INV-000015', '2024-03-13', '2024-02-26', 19, 'SUP-000001'),
('ORDER-000014', 'INV-000016', '2024-03-14', '2024-02-27', 23, 'SUP-000002'),
('ORDER-000015', 'INV-000017', '2024-03-15', '2024-02-28', 14, 'SUP-000003'),
('ORDER-000016', 'INV-000018', '2024-03-16', '2024-02-29', 26, 'SUP-000004'),
('ORDER-000017', 'INV-000019', '2024-03-17', '2024-03-01', 11, 'SUP-000005'),
('ORDER-000018', 'INV-000020', '2024-03-18', '2024-03-02', 29, 'SUP-000001'),
('ORDER-000019', 'INV-000021', '2024-03-19', '2024-03-03', 21, 'SUP-000002'),
('ORDER-000020', 'INV-000022', '2024-03-20', '2024-03-04', 24, 'SUP-000003'),
('ORDER-000021', 'INV-000023', '2024-03-21', '2024-03-05', 27, 'SUP-000004'),
('ORDER-000022', 'INV-000024', '2024-03-22', '2024-03-06', 13, 'SUP-000005'),
('ORDER-000023', 'INV-000025', '2024-03-23', '2024-03-07', 18, 'SUP-000001'),
('ORDER-000024', 'INV-000026', '2024-03-24', '2024-03-08', 20, 'SUP-000002'),
('ORDER-000025', 'INV-000027', '2024-03-25', '2024-03-09', 16, 'SUP-000003'),
('ORDER-000026', 'INV-000028', '2024-03-26', '2024-03-10', 22, 'SUP-000004'),
('ORDER-000027', 'INV-000029', '2024-03-27', '2024-03-11', 25, 'SUP-000005'),
('ORDER-000028', 'INV-000030', '2024-03-28', '2024-03-12', 12, 'SUP-000001'),
('ORDER-000029', 'INV-000031', '2024-03-29', '2024-03-13', 30, 'SUP-000002'),
('ORDER-000030', 'INV-000032', '2024-03-30', '2024-03-14', 17, 'SUP-000003'),
('ORDER-000031', 'INV-000033', '2024-03-31', '2024-03-15', 24, 'SUP-000004'),
('ORDER-000032', 'INV-000034', '2024-04-01', '2024-03-16', 19, 'SUP-000005'),
('ORDER-000033', 'INV-000035', '2024-04-02', '2024-03-17', 21, 'SUP-000001'),
('ORDER-000034', 'INV-000036', '2024-04-03', '2024-03-18', 28, 'SUP-000002'),
('ORDER-000035', 'INV-000037', '2024-04-04', '2024-03-19', 15, 'SUP-000003');








